competitor_id,name,country,country_code
sr:competitor:14898,"Heliovaara, Harri",Finland,FIN
sr:competitor:637970,"Patten, Henry",Great Britain,GBR
sr:competitor:16160,"Zeballos, Horacio",Argentina,ARG
sr:competitor:15568,"Granollers, Marcel",Spain,ESP
sr:competitor:53785,"Skupski, Neal",Great Britain,GBR
sr:competitor:95801,"Vavassori, Andrea",Italy,ITA
sr:competitor:51836,"Arevalo, Marcelo",El Salvador,SLV
sr:competitor:49363,"Pavic, Mate",Croatia,HRV
sr:competitor:15310,"Bolelli, Simone",Italy,ITA
sr:competitor:36593,"Krawietz, Kevin",Germany,DEU
sr:competitor:52293,"Putz, Tim",Germany,DEU
sr:competitor:52065,"Harrison, Christian",USA,USA
sr:competitor:59131,"Glasspool, Lloyd",Great Britain,GBR
sr:competitor:108099,"Cash, Julian",Great Britain,GBR
sr:competitor:121182,"Guinard, Manuel",France,FRA
sr:competitor:47295,"Andreozzi, Guido",Argentina,ARG
sr:competitor:16608,"Mektic, Nikola",Croatia,HRV
sr:competitor:74173,"Salisbury, Joe",Great Britain,GBR
sr:competitor:78793,"Miedler, Lucas",Austria,AUT
sr:competitor:106349,"Reboul, Fabien",France,FRA
sr:competitor:106559,"Doumbia, Sadio",France,FRA
sr:competitor:47966,"Olivetti, Albano",France,FRA
sr:competitor:80665,"Polmans, Marc",Australia,AUS
sr:competitor:231090,"Arribage, Theo",France,FRA
sr:competitor:14835,"Roger-Vasselin, Edouard",France,FRA
sr:competitor:52202,"Nys, Hugo",Monaco,MCO
sr:competitor:127646,"Cabral, Francisco",Portugal,PRT
sr:competitor:22967,"Bhambri, Yuki",India,IND
sr:competitor:44553,"Herbert, Pierre-Hugues",France,FRA
sr:competitor:838776,"Tracy, James",USA,USA
sr:competitor:112969,"Schnaitter, Jakob",Germany,DEU
sr:competitor:936355,"Wallner, Mark",Germany,DEU
sr:competitor:70348,"Goransson, Andre",Sweden,SWE
sr:competitor:59324,"Pavlasek, Adam",Czechia,CZE
sr:competitor:114831,"Erler, Alexander",Austria,AUT
sr:competitor:152900,"Rikl, Patrik",Czechia,CZE
sr:competitor:112805,"Zielinski, Jan",Poland,POL
sr:competitor:25189,"Krajicek, Austin",USA,USA
sr:competitor:76263,"Matos, Rafael",Brazil,BRA
sr:competitor:111195,"Luz, Orlando",Brazil,BRA
sr:competitor:206889,"Galloway, Robert",USA,USA
sr:competitor:231188,"Frantzen, Constantin",Germany,DEU
sr:competitor:393598,"Cash, Robert",USA,USA
sr:competitor:280601,"Oberleitner, Neil",Austria,AUT
sr:competitor:16042,"Haase, Robin",Netherlands,NLD
sr:competitor:204781,"Nouza, Petr",Czechia,CZE
sr:competitor:62410,"Johnson, Luke",Great Britain,GBR
sr:competitor:16124,"Melo, Marcelo",Brazil,BRA
sr:competitor:23899,"King, Evan",USA,USA
sr:competitor:234124,"Stevens, Bart",Netherlands,NLD
sr:competitor:234044,"Kirkov, Vasil",USA,USA
sr:competitor:90798,"Halys, Quentin",France,FRA
sr:competitor:52951,"Pel, David",Netherlands,NLD
sr:competitor:14553,"Ram, Rajeev",USA,USA
sr:competitor:66864,"Arends, Sander",Netherlands,NLD
sr:competitor:16151,"Venus, Michael",New Zealand,NZL
sr:competitor:52244,"Balaji, N. Sriram",India,IND
sr:competitor:204495,"Vocel, Matej",Czechia,CZE
sr:competitor:16992,"Willis, Marcus",Great Britain,GBR
sr:competitor:81059,"Gille, Sander",Belgium,BEL
sr:competitor:1020797,"Trhac, Patrik",USA,USA
sr:competitor:15548,"Gonzalez, Maximo",Argentina,ARG
sr:competitor:38181,"Molteni, Andres",Argentina,ARG
sr:competitor:287215,"Seggerman, Ryan",USA,USA
sr:competitor:16573,"Demoliner, Marcelo",Brazil,BRA
sr:competitor:243522,"Paul, Jakub",Switzerland,CHE
sr:competitor:230186,"Verbeek, Sem",Netherlands,NLD
sr:competitor:17038,"Smith, John-Patrick",Australia,AUS
sr:competitor:15588,"Rojer, Jean-Julien",Netherlands,NLD
sr:competitor:15305,"Gonzalez, Santiago",Mexico,MEX
sr:competitor:1015089,"Winegar, Theodore",USA,USA
sr:competitor:422955,"Sanchez, Luca",France,FRA
sr:competitor:56629,"Peers, John",Australia,AUS
sr:competitor:39726,"Kubler, Jason",Australia,AUS
sr:competitor:297448,"Kiger, Mac",USA,USA
sr:competitor:180104,"Reymond, Arthur",France,FRA
sr:competitor:41475,"Arneodo, Romain",Monaco,MCO
sr:competitor:108755,"Jebens, Hendrik",Germany,DEU
sr:competitor:256001,"Ho, Ray",Chinese Taipei,TPE
sr:competitor:263865,"Reynolds, Finn",New Zealand,NZL
sr:competitor:973963,"Watt, James",New Zealand,NZL
sr:competitor:49306,"Reyes-Varela, Miguel Angel",Mexico,MEX
sr:competitor:296270,"Stevenson, David",Great Britain,GBR
sr:competitor:614090,"Pieczonka, Filip",Poland,POL
sr:competitor:52263,"Hidalgo, Diego",Ecuador,ECU
sr:competitor:145936,"Kaliyanda Poonacha, Niki",India,IND
sr:competitor:210736,"Lammons, Nathaniel",USA,USA
sr:competitor:16198,"Escobar, Gonzalo",Ecuador,ECU
sr:competitor:628034,"Kittay, Benjamin",USA,USA
sr:competitor:16823,"Romboli, Fernando",Brazil,BRA
sr:competitor:209202,"Chandrasekar, Anirudh",India,IND
sr:competitor:240880,"Hilderbrand, Trey",USA,USA
sr:competitor:59700,"Isaro, Pruchya",Thailand,THA
sr:competitor:113889,"Liutarevich, Ivan",Neutral,
sr:competitor:55989,"Withrow, Jackson",USA,USA
sr:competitor:121032,"Stalder, Reese",USA,USA
sr:competitor:48646,"Barrientos, Nicolas",Colombia,COL
sr:competitor:95923,"Paris, Joshua",Great Britain,GBR
sr:competitor:272245,"Latinovic, Stefan",Serbia,SRB
sr:competitor:145008,"Uesugi, Kaito",Japan,JPN
sr:competitor:45105,"Behar, Ariel",Uruguay,URY
sr:competitor:548169,"Yuzuki, Takeru",Japan,JPN
sr:competitor:359602,"Musetti, Lorenzo",Italy,ITA
sr:competitor:104847,"Sonego, Lorenzo",Italy,ITA
sr:competitor:90110,"Serdarusic, Nino",Croatia,HRV
sr:competitor:99377,"Kestelboim, Mariano",Argentina,ARG
sr:competitor:863319,"Fonseca, Joao",Brazil,BRA
sr:competitor:163538,"Donski, Alexander",Bulgaria,BGR
sr:competitor:188321,"Kovacevic, Aleksandar",USA,USA
sr:competitor:113221,"Niklas-Salminen, Patrik",Finland,FIN
sr:competitor:158912,"Vacherot, Valentin",Monaco,MCO
sr:competitor:295508,"Vrbensky, Michael",Czechia,CZE
sr:competitor:57163,"Zverev, Alexander",Germany,DEU
sr:competitor:63606,"Rinderknech, Arthur",France,FRA
sr:competitor:98413,"Drzewiecki, Karol",Poland,POL
sr:competitor:71280,"Kokkinakis, Thanasi",Australia,AUS
sr:competitor:405969,"Paulson, Andrew",Czechia,CZE
sr:competitor:450383,"Harper, Cleeve",Canada,CAN
sr:competitor:92845,"Goldhoff, George",USA,USA
sr:competitor:42151,"Nam, Ji Sung",Republic of Korea,KOR
sr:competitor:223868,"Matuszewski, Piotr",Poland,POL
sr:competitor:310972,"Banthia, Siddhant",India,IND
sr:competitor:37637,"Zeballos, Federico",Bolivia,BOL
sr:competitor:98981,"Jecan, Alexandru",Romania,ROU
sr:competitor:808628,"Shelton, Ben",USA,USA
sr:competitor:437794,"Heinonen, Adam",Sweden,SWE
sr:competitor:505542,"Grevelius, Erik",Sweden,SWE
sr:competitor:157396,"Veldheer, Mick",Netherlands,NLD
sr:competitor:871495,"Michelsen, Alex",USA,USA
sr:competitor:124708,"Cukierman, Daniel",Israel,ISR
sr:competitor:233144,"Duda, Filip",Czechia,CZE
sr:competitor:739643,"Loof, Thijmen",Netherlands,NLD
sr:competitor:161220,"Pavel, Bogdan",Romania,ROU
sr:competitor:112061,"Walkow, Szymon",Poland,POL
sr:competitor:918463,"Bollipalli, Rithvik Choudary",India,IND
sr:competitor:390480,"Watanabe, Seita",Japan,JPN
sr:competitor:300540,"Machac, Tomas",Czechia,CZE
sr:competitor:126622,"Ruehl, Tim",Germany,DEU
sr:competitor:77011,"Martos Gornes, Sergio",Spain,ESP
sr:competitor:111607,"Ingildsen, Johannes",Denmark,DNK
sr:competitor:60614,"Poljak, David",Czechia,CZE
sr:competitor:106755,"Rublev, Andrey",Neutral,
sr:competitor:90080,"Khachanov, Karen",Neutral,
sr:competitor:122368,"Griekspoor, Tallon",Netherlands,NLD
sr:competitor:628218,"Karol, Milos",Slovakia,SVK
sr:competitor:147104,"Romios, Matthew Christopher",Australia,AUS
sr:competitor:380004,"Harper, Patrick",Australia,AUS
sr:competitor:110707,"Pichler, David",Austria,AUT
sr:competitor:16854,"Molchanov, Denys",Ukraine,UKR
sr:competitor:25021,"Cervantes, Inigo",Spain,ESP
sr:competitor:76361,"Kadhe, Arjun",India,IND
sr:competitor:73572,"Zormann, Marcelo",Brazil,BRA
sr:competitor:322589,"Pujol Navarro, Bruno",Spain,ESP
sr:competitor:54609,"Arias, Boris",Bolivia,BOL
sr:competitor:628226,"Jans, Jarno",Netherlands,NLD
sr:competitor:880089,"Pereira, Tiago",Portugal,PRT
sr:competitor:809324,"Pacheco Mendez, Rodrigo",Mexico,MEX
sr:competitor:77653,"Cornea, Victor Vlad",Romania,ROU
sr:competitor:292414,"Winter Lopez, Benjamin",Spain,ESP
sr:competitor:497320,"Visker, Niels",Netherlands,NLD
sr:competitor:731833,"Kielan, Szymon",Poland,POL
sr:competitor:660427,"Milavsky, Daniel",USA,USA
sr:competitor:297502,"Bayldon, Blake",Australia,AUS
sr:competitor:53759,"Prashanth, Vijay Sundar",India,IND
sr:competitor:208123,"Maginley, Jody",Antigua and Barbuda,ATG
sr:competitor:210592,"Ribeiro, Eduardo",Brazil,BRA
sr:competitor:161448,"Jones, Ben",Great Britain,GBR
sr:competitor:853643,"Romano, Filippo",Italy,ITA
sr:competitor:79223,"Delaney, Jake",Australia,AUS
sr:competitor:63446,"Jung, Jason",Chinese Taipei,TPE
sr:competitor:309954,"Droguet, Titouan",France,FRA
sr:competitor:50148,"Puttergill, Calum",Australia,AUS
sr:competitor:58877,"Ramanathan, Ramkumar",India,IND
sr:competitor:272273,"Mansilla Diez, Mario",Spain,ESP
sr:competitor:185434,"Rodriguez Taverna, Santiago",Argentina,ARG
sr:competitor:25458,"Martinez, Luis David",Venezuela,VEN
sr:competitor:38180,"Mena, Facundo",Argentina,ARG
sr:competitor:210636,"Poling, Karl",USA,USA
sr:competitor:169496,"Etcheverry, Tomas Martin",Argentina,ARG
sr:competitor:52260,"Vega Hernandez, David",Spain,ESP
sr:competitor:202735,"Carou, Ignacio",Uruguay,URY
sr:competitor:322801,"Kalender, Admir",Croatia,HRV
sr:competitor:1128937,"Miguel, Luis Guto",Brazil,BRA
sr:competitor:348308,"Sheehy, Joshua",USA,USA
sr:competitor:299130,"Hijikata, Rinky",Australia,AUS
sr:competitor:168420,"Andrade, Andres",Ecuador,ECU
sr:competitor:44637,"Rodriguez, Cristian",Colombia,COL
sr:competitor:534043,"Darderi, Luciano",Italy,ITA
sr:competitor:927343,"Cadenasso, Gianluca",Italy,ITA
sr:competitor:686911,"Poljicak, Mili",Croatia,HRV
sr:competitor:645442,"Genov, Anthony",Bulgaria,BGR
sr:competitor:103625,"Geerts, Michael",Belgium,BEL
sr:competitor:182086,"Bass, Finn",Great Britain,GBR
sr:competitor:1025093,"Bianchi, Juan Jose",Venezuela,VEN
sr:competitor:289021,"Charlton, Joshua",Australia,AUS
sr:competitor:1020369,"Oliveira, Bruno (2002)",Brazil,BRA
sr:competitor:127208,"Altmaier, Daniel",Germany,DEU
sr:competitor:95939,"Whitehouse, Mark",Great Britain,GBR
sr:competitor:96629,"Duncan, Scott",Great Britain,GBR
sr:competitor:102339,"Van de Zandschulp, Botic",Netherlands,NLD
sr:competitor:204117,"Ugo Carabelli, Camilo",Argentina,ARG
sr:competitor:822192,"Poulsen, Oskar Brostrom",Denmark,DNK
sr:competitor:72420,"Merino, Alexander",Peru,PER
sr:competitor:100069,"Sachko, Vitaliy",Ukraine,UKR
sr:competitor:53483,"Masur, Daniel",Germany,DEU
sr:competitor:163540,"Hermans, Mats",Netherlands,NLD
sr:competitor:170976,"Ribero, Franco",Argentina,ARG
sr:competitor:146040,"Gomez, Federico Agustin",Argentina,ARG
sr:competitor:102151,"Tabilo, Alejandro",Chile,CHL
sr:competitor:395828,"Saraiva Dos Santos, Paulo Andre",Brazil,BRA
sr:competitor:443702,"Burruchaga, Roman Andres",Argentina,ARG
sr:competitor:371448,"Llamas Ruiz, Pablo",Spain,ESP
sr:competitor:305776,"Soto, Matias",Chile,CHL
sr:competitor:193912,"Dev, S D Prajwal",India,IND
sr:competitor:77501,"Wehnelt, Kai",Germany,DEU
sr:competitor:407791,"Mackinlay, James",Great Britain,GBR
sr:competitor:382058,"Jacquet, Kyrian",France,FRA
sr:competitor:252239,"Forti, Francesco",Italy,ITA
sr:competitor:181384,"Sinha, Nitin Kumar",India,IND
sr:competitor:378220,"Huertas Del Pino Cordova, Arklon",Peru,PER
sr:competitor:130442,"Rai, Ajeet",New Zealand,NZL
sr:competitor:447733,"Hands, Tom",Great Britain,GBR
sr:competitor:82157,"Marcondes, Igor",Brazil,BRA
sr:competitor:55745,"Negritu, Christoph",Germany,DEU
sr:competitor:319353,"Barry, Charles",Ireland,IRL
sr:competitor:761136,"Basel, Valentin",Argentina,ARG
sr:competitor:395890,"Magadan, Alan",Mexico,MEX
sr:competitor:132558,"Kolar, Zdenek",Czechia,CZE
sr:competitor:55293,"Sabanov, Ivan",Serbia,SRB
sr:competitor:48225,"Dutra Da Silva, Daniel",Brazil,BRA
sr:competitor:104917,"Vliegen, Joran",Belgium,BEL
sr:competitor:588081,"Siniakov, Daniel",Czechia,CZE
sr:competitor:84659,"Recek, Dominik",Czechia,CZE
sr:competitor:222628,"Ayeni, Alafia",USA,USA
sr:competitor:58989,"Sabanov, Matej",Serbia,SRB
sr:competitor:369630,"Strombachs, Robert",Latvia,LVA
sr:competitor:733153,"Cook, Ethan",Australia,AUS
sr:competitor:85877,"Villanueva, Gonzalo",Argentina,ARG
sr:competitor:393518,"Azkara, Arda",Turkiye,TUR
sr:competitor:111609,"Barroso Campos, Alberto",Spain,ESP
sr:competitor:46259,"Neuchrist, Maximilian",Austria,AUT
sr:competitor:94485,"Bonzi, Benjamin",France,FRA
sr:competitor:220590,"Huang, Tsung-Hao",Chinese Taipei,TPE
sr:competitor:250231,"Shimizu, Yuta",Japan,JPN
sr:competitor:170964,"Bittoun Kouzmine, Constantin",France,FRA
sr:competitor:452787,"Kumar, Pranav",USA,USA
sr:competitor:154490,"Pearson, Kody",Australia,AUS
sr:competitor:287541,"Sweeny, Dane",Australia,AUS
sr:competitor:809322,"Shick, Braden",USA,USA
sr:competitor:49417,"Tu, Li",Australia,AUS
sr:competitor:418253,"Sach, Tai Leonard",Australia,AUS
sr:competitor:515510,"Heide, Gustavo",Brazil,BRA
sr:competitor:24009,"Betov, Sergey",Neutral,
sr:competitor:256875,"Tirante, Thiago Agustin",Argentina,ARG
sr:competitor:768772,"Bar Biryukov, Petr",Neutral,
sr:competitor:200873,"Forcano Aparicio, Ignasi",Spain,ESP
sr:competitor:381022,"Wendelken, Harry",Great Britain,GBR
sr:competitor:175014,"Moutet, Corentin",France,FRA
sr:competitor:339377,"Lehecka, Jiri",Czechia,CZE
sr:competitor:122366,"Tsitsipas, Stefanos",Greece,GRC
sr:competitor:255595,"Cerundolo, Francisco",Argentina,ARG
sr:competitor:179294,"Opitz, Jannik",Germany,DEU
sr:competitor:389078,"Lalami Laaroussi, Younes",Morocco,MAR
sr:competitor:81763,"Jacq, Gregoire",France,FRA
sr:competitor:66086,"Kicker, Nicolas",Argentina,ARG
sr:competitor:283759,"Chidekh, Clement",France,FRA
sr:competitor:722431,"Mikrut, Luka",Croatia,HRV
sr:competitor:723013,"Pokorny, Lukas",Slovakia,SVK
sr:competitor:221556,"Alves, Mateus",Brazil,BRA
sr:competitor:303862,"Johns, Garrett",USA,USA
sr:competitor:565070,"Monday, Johannus",Great Britain,GBR
sr:competitor:106395,"Ricca, Giorgio",Italy,ITA
sr:competitor:116616,"Clarke, Jay",Great Britain,GBR
sr:competitor:84671,"Britto, Luis",Brazil,BRA
sr:competitor:69362,"Mansouri, Skander",Tunisia,TUN
sr:competitor:229024,"Zahraj, Patrick",Germany,DEU
sr:competitor:46391,"Struff, Jan-Lennard",Germany,DEU
sr:competitor:47975,"Hanfmann, Yannick",Germany,DEU
sr:competitor:145112,"Huesler, Marc-Andrea",Switzerland,CHE
sr:competitor:125006,"Borges, Nuno",Portugal,PRT
sr:competitor:564952,"Kusuhara, Yusuke",Japan,JPN
sr:competitor:216502,"Broom, Charles",Great Britain,GBR
sr:competitor:318187,"Slavic, Nikola",Sweden,SWE
sr:competitor:682903,"Nakagawa, Shunsuke",Japan,JPN
sr:competitor:220588,"Hsu, Yu Hsiou",Chinese Taipei,TPE
sr:competitor:60920,"Nedunchezhiyan, Jeevan",India,IND
sr:competitor:369572,"Boulais, Justin",Canada,CAN
sr:competitor:407785,"Murgett, Finn",Great Britain,GBR
sr:competitor:515478,"Sakellaridis, Stefanos",Greece,GRC
sr:competitor:873679,"Bondioli, Federico",Italy,ITA
sr:competitor:171072,"Hsu, Jeffrey Chuan En",Chinese Taipei,TPE
sr:competitor:938667,"Schwaerzler, Joel",Austria,AUT
sr:competitor:312440,"Thomson, Connor",Great Britain,GBR
sr:competitor:83263,"Santillan, Akira",Japan,JPN
sr:competitor:412829,"Matsuda, Ryuki",Japan,JPN
sr:competitor:202681,"Marrero Curbelo, Ivan",Spain,ESP
sr:competitor:195458,"Added, Dan",France,FRA
sr:competitor:154740,"Delaney, Jesse",Australia,AUS
sr:competitor:63438,"McDonald, Mackenzie",USA,USA
sr:competitor:43761,"Collarini, Andrea",Argentina,ARG
sr:competitor:64920,"Myneni, Saketh",India,IND
sr:competitor:353548,"Hernandez, Alex",Mexico,MEX
sr:competitor:268441,"Gadamauri, Buvaysar",Belgium,BEL
sr:competitor:99043,"Wang, Aoran",China,CHN
sr:competitor:16409,"Ebden, Matthew",Australia,AUS
sr:competitor:518742,"Westphal, Max",France,FRA
sr:competitor:284835,"Smith, Keegan",USA,USA
sr:competitor:515498,"Rodrigues, Natan",Brazil,BRA
sr:competitor:244388,"Kalyanpur, Adil",India,IND
sr:competitor:1196859,"Suarez, Billy",USA,USA
sr:competitor:458575,"Agostini, Simone",Italy,ITA
sr:competitor:287543,"Hulme, Matt",Australia,AUS
sr:competitor:161868,"Huertas Del Pino, Connor",Peru,PER
sr:competitor:130494,"Neos, Eleftherios",Cyprus,CYP
sr:competitor:119150,"Fancutt, Thomas",Australia,AUS
sr:competitor:1080832,"Fuchs, Zachary",USA,USA
sr:competitor:54975,"Casanova, Hernan",Argentina,ARG
sr:competitor:866247,"Ratti, Lucio",Argentina,ARG
sr:competitor:431697,"Torres, Tiago",Portugal,PRT
sr:competitor:434058,"Boscardin Dias, Pedro",Brazil,BRA
sr:competitor:207777,"Imamura, Masamichi",Japan,JPN
sr:competitor:685379,"Ostapenkov, Daniil",Neutral,
sr:competitor:312728,"Stewart, Hamish",Great Britain,GBR
sr:competitor:1011445,"Exsted, Maxwell",USA,USA
sr:competitor:951223,"Sanchez Quilez, Alejo",Spain,ESP
sr:competitor:215778,"Izquierdo Luque, Rafael",Spain,ESP
sr:competitor:908699,"Bilardo, Jacopo",Italy,ITA
sr:competitor:219398,"Park, Uisung",Republic of Korea,KOR
sr:competitor:92667,"Castelnuovo, Luca",Switzerland,CHE
sr:competitor:763106,"Barton, Hynek",Czechia,CZE
sr:competitor:294300,"Nakashima, Brandon",USA,USA
sr:competitor:682913,"Rocha, Henrique",Portugal,PRT
sr:competitor:82133,"Dellien, Murkel",Bolivia,BOL
sr:competitor:433906,"Couto Loureiro, Joao Victor",Brazil,BRA
sr:competitor:337607,"Yang, Zijiang",China,CHN
sr:competitor:605854,"Maxted, Lui",Great Britain,GBR
sr:competitor:635386,"Popovic, Stefan",Serbia,SRB
sr:competitor:376372,"Perez, Brandon",Venezuela,VEN
sr:competitor:312436,"Hudd, Emile",Great Britain,GBR
sr:competitor:529399,"Papa, Christopher",USA,USA
sr:competitor:840614,"Nagel, Arthur",France,FRA
sr:competitor:228372,"Soriano Barrera, Adria",Colombia,COL
sr:competitor:273883,"Rocha, Francisco",Portugal,PRT
sr:competitor:301896,"Ovcharenko, Oleksandr",Ukraine,UKR
sr:competitor:240264,"Reis Da Silva, Joao Lucas",Brazil,BRA
sr:competitor:180948,"Parizzia, Nicolas",Switzerland,CHE
sr:competitor:530317,"Rincon, Daniel",Spain,ESP
sr:competitor:353586,"Fenty, Andrew",USA,USA
sr:competitor:124934,"Lomakin, Grigoriy",Kazakhstan,KAZ
sr:competitor:215696,"Schell, Niklas",Germany,DEU
sr:competitor:217192,"Ouakaa, Aziz",Tunisia,TUN
sr:competitor:812360,"Sueoka, Yamato",Japan,JPN
sr:competitor:494844,"Binda, Alexander",Italy,ITA
sr:competitor:246745,"Tajima, Naoki",Japan,JPN
sr:competitor:305558,"Roncadelli, Franco",Uruguay,URY
sr:competitor:297608,"Hazawa, Shinji",Japan,JPN
sr:competitor:342826,"Trotter, James Kent",Japan,JPN
sr:competitor:163438,"Sun, Fajing",China,CHN
sr:competitor:224024,"Alvarez Varona, Nicolas",Spain,ESP
sr:competitor:51345,"Damm Jr, Martin",USA,USA
sr:competitor:48055,"Hsieh, Cheng-Peng",Chinese Taipei,TPE
sr:competitor:223874,"Gaston, Hugo",France,FRA
sr:competitor:972327,"Jodar, Rafael",Spain,ESP
sr:competitor:675175,"McCabe, James",Australia,AUS
sr:competitor:763108,"Mensik, Jakub",Czechia,CZE
sr:competitor:337601,"Bu, Yunchaokete",China,CHN
sr:competitor:671637,"Fils, Arthur",France,FRA
sr:competitor:399637,"Cobolli, Flavio",Italy,ITA
sr:competitor:266711,"Pavlovic, Luka",France,FRA
sr:competitor:163480,"Bublik, Alexander",Kazakhstan,KAZ
sr:competitor:679481,"Hopper, James",Great Britain,GBR
sr:competitor:580165,"Johansson, Oliver",Sweden,SWE
sr:competitor:121668,"Meligeni Alves, Felipe",Brazil,BRA
sr:competitor:387066,"Forejtek, Jonas",Czechia,CZE
sr:competitor:414501,"Houkes, Max",Netherlands,NLD
sr:competitor:43319,"Duran, Guillermo",Argentina,ARG
sr:competitor:450343,"Hussey, Giles",Great Britain,GBR
sr:competitor:342822,"Ichikawa, Taisei",Japan,JPN
sr:competitor:441576,"De la Fuente, Santiago",Argentina,ARG
sr:competitor:145122,"Martineau, Matteo",France,FRA
sr:competitor:213234,"Ozdemir, S Mert",Turkiye,TUR
sr:competitor:906831,"Vithoontien, Leo",Japan,JPN
sr:competitor:396126,"Barnat, Jiri",Czechia,CZE
sr:competitor:759758,"Sakellaridis, Dimitris",Greece,GRC
sr:competitor:230152,"Zeuch, Tom",Germany,DEU
sr:competitor:373348,"Pucinelli de Almeida, Matheus",Brazil,BRA
sr:competitor:141882,"Blancaneaux, Geoffrey",France,FRA
sr:competitor:16852,"Uzhylovskyi, Volodoymyr",Ukraine,UKR
sr:competitor:243478,"Vives Marcos, Pedro",Spain,ESP
sr:competitor:403357,"Thayne, Wally",USA,USA
sr:competitor:833418,"Del Pino, Mateo",Argentina,ARG
sr:competitor:312348,"Pankin, Semen",Neutral,
sr:competitor:403285,"Zheng, Baoluo",China,CHN
sr:competitor:341188,"Justo, Guido Ivan",Argentina,ARG
sr:competitor:212046,"de Jonge, Daniel",Netherlands,NLD
sr:competitor:93589,"Kellovsky, Dominik",Czechia,CZE
sr:competitor:233184,"Glinka, Daniil",Estonia,EST
sr:competitor:170946,"Bergs, Zizou",Belgium,BEL
sr:competitor:308834,"Schachter, Noah",USA,USA
sr:competitor:177658,"Beauge, Maxence",France,FRA
sr:competitor:978579,"Ghazouani Durand, Yanis",France,FRA
sr:competitor:256393,"Kravchenko, Georgii",Ukraine,UKR
sr:competitor:538457,"Chopra, Keshav",USA,USA
sr:competitor:652290,"Ambrogi, Luciano Emanuel",Argentina,ARG
sr:competitor:405977,"Schoolkate, Tristan",Australia,AUS
sr:competitor:668817,"Shepp, Anton",New Zealand,NZL
sr:competitor:18066,"Basic, Mirza",Bosnia & Herzegovina,BIH
sr:competitor:126402,"Denolly, Corentin",France,FRA
sr:competitor:350814,"Vankan, Marlon",Germany,DEU
sr:competitor:138712,"Oradini, Giovanni",Italy,ITA
sr:competitor:812862,"Homberg, Maximilian",Germany,DEU
sr:competitor:197678,"Tsitsipas, Petros",Greece,GRC
sr:competitor:212004,"Rodionov, Jurij",Austria,AUT
sr:competitor:51100,"Roca Batalla, Oriol",Spain,ESP
sr:competitor:686709,"Simakin, Ilia",Neutral,
sr:competitor:750283,"Isomura, Kokoro",Japan,JPN
sr:competitor:496346,"Stricker, Dominic",Switzerland,CHE
sr:competitor:228766,"Braynin, Aleksandr",Ukraine,UKR
sr:competitor:93597,"Pellegrino, Andrea",Italy,ITA
sr:competitor:121248,"Roveri Sidney, Gabriel",Brazil,BRA
sr:competitor:345060,"Kingsley, Cannon",USA,USA
sr:competitor:637610,"Overbeck, Carl Emil",Denmark,DNK
sr:competitor:108767,"Hassan, Benjamin",Lebanon,LBN
sr:competitor:604344,"Buse, Ignacio",Peru,PER
sr:competitor:88992,"Muller, Alexandre",France,FRA
sr:competitor:439480,"Pecak, Stepan",Czechia,CZE
sr:competitor:155860,"Lock, Courtney John",Zimbabwe,ZWE
sr:competitor:115239,"Kaukovalta, Patrick",Finland,FIN
sr:competitor:96239,"Durasovic, Viktor",Norway,NOR
sr:competitor:56361,"Sels, Jelle",Netherlands,NLD
sr:competitor:180446,"Wessels, Louis",Germany,DEU
sr:competitor:797282,"Dumitru, Alexandru Cristian",Romania,ROU
sr:competitor:654133,"Perego, Giulio",Italy,ITA
sr:competitor:65606,"Agamenone, Franco",Italy,ITA
sr:competitor:82579,"Uchida, Kaichi",Japan,JPN
sr:competitor:935773,"Cho, Seung Woo",Republic of Korea,KOR
sr:competitor:952887,"Aguilar Cardozo, Joaquin",Uruguay,URY
sr:competitor:681071,"Ganta, Sai Karteek Reddy",India,IND
sr:competitor:135828,"Walters, Marcus",Great Britain,GBR
sr:competitor:25726,"Gomez, Juan Sebastian",Colombia,COL
sr:competitor:350440,"Zeng, Yaojie",China,CHN
sr:competitor:668903,"Falck, Reece",New Zealand,NZL
sr:competitor:445313,"Sharma, Atharva",India,IND
sr:competitor:160104,"Vance, Jamie",USA,USA
sr:competitor:114885,"Nikles, Johan",Switzerland,CHE
sr:competitor:540211,"Burdet, Adrien",Switzerland,CHE
sr:competitor:627274,"Pel, Stijn",Netherlands,NLD
sr:competitor:244783,"Lorusso, Lorenzo",Italy,ITA
sr:competitor:210502,"Kopp, Sandro",Austria,AUT
sr:competitor:609146,"Okonkwo, Oliver",Great Britain,GBR
sr:competitor:904033,"Kumstat, Jan",Czechia,CZE
sr:competitor:256481,"Marques, Diogo",Portugal,PRT
sr:competitor:341218,"Colson, Tibo",Belgium,BEL
sr:competitor:603420,"Martin, Andres",USA,USA
sr:competitor:440160,"Moroni, Filippo",Italy,ITA
sr:competitor:844730,"Estevez, Juan",Argentina,ARG
sr:competitor:245343,"Zhu, Michael",USA,USA
sr:competitor:1027521,"de Lange, Pieter",Netherlands,NLD
sr:competitor:359608,"Maestrelli, Francesco",Italy,ITA
sr:competitor:117866,"Mukund, Sasikumar",India,IND
sr:competitor:844726,"Bozemoj, Brian",Netherlands,NLD
sr:competitor:641794,"Bouchelaghem, Cesar",France,FRA
sr:competitor:457059,"Montes-de la Torre, Inaki",Spain,ESP
sr:competitor:373852,"Zink, Tyler",USA,USA
sr:competitor:783794,"Singh, Karan (IND)",India,IND
sr:competitor:101157,"Rybakov, Alex",USA,USA
sr:competitor:65576,"Sakamoto, Pedro",Brazil,BRA
sr:competitor:251091,"Noguchi, Rio",Japan,JPN
sr:competitor:1047289,"Sciahbasi, Matteo",Italy,ITA
sr:competitor:87690,"Thompson, Jordan",Australia,AUS
sr:competitor:682911,"Faria, Jaime",Portugal,PRT
sr:competitor:310974,"De Jong, Jesper",Netherlands,NLD
sr:competitor:263917,"Draxl, Liam",Canada,CAN
sr:competitor:508496,"Wiskandt, Max",Germany,DEU
sr:competitor:412813,"Martinez, Alex",Spain,ESP
sr:competitor:614172,"Gannon, Conor",Ireland,IRL
sr:competitor:439474,"Jermar, Jan",Czechia,CZE
sr:competitor:120956,"Alcantara, Francis Casey",Philippines,PHL
sr:competitor:215492,"Cui, Jie",China,CHN
sr:competitor:255601,"Tenti, Fermin",Argentina,ARG
sr:competitor:457167,"Becroft, Isaac",New Zealand,NZL
sr:competitor:902257,"Derepasko, Timofei",Neutral,
sr:competitor:79227,"Sinclair, Colin",Northern Mariana Islands,MNP
sr:competitor:851761,"Miguel, Luis Felipe",Brazil,BRA
sr:competitor:797330,"Maksimovic, Marko",Serbia,SRB
sr:competitor:951299,"Tobon, Miguel",Colombia,COL
sr:competitor:165234,"Vasa, Eero",Finland,FIN
sr:competitor:353298,"van der Meerschen, Martin",Belgium,BEL
sr:competitor:342976,"Jones, Alex",USA,USA
sr:competitor:342978,"Jones, Miles",USA,USA
sr:competitor:100317,"Turker, Mert Naci",Turkiye,TUR
sr:competitor:258735,"Cerundolo, Juan Manuel",Argentina,ARG
sr:competitor:283349,"Suksumrarn, Thantub",Thailand,THA
sr:competitor:283451,"Rodriguez, Lorenzo Joaquin",Argentina,ARG
sr:competitor:645452,"Nesterov, Pyotr",Bulgaria,BGR
sr:competitor:518802,"Cigarran, Thiago",Argentina,ARG
sr:competitor:622876,"Vallejo, Adolfo Daniel",Paraguay,PRY
sr:competitor:498580,"Aboian, Valerio",Argentina,ARG
sr:competitor:552469,"Agafonov, Egor",Neutral,
sr:competitor:1111195,"Remondy Pagotto, Victor Hugo",Brazil,BRA
sr:competitor:72376,"Siniakova, Katerina",Czechia,CZE
sr:competitor:51387,"Townsend, Taylor",USA,USA
sr:competitor:43860,"Dabrowski, Gabriela",Canada,CAN
sr:competitor:96075,"Stefani, Luisa",Brazil,BRA
sr:competitor:41524,"Krunic, Aleksandra",Serbia,SRB
sr:competitor:69718,"Danilina, Anna",Kazakhstan,KAZ
sr:competitor:78551,"Mertens, Elise",Belgium,BEL
sr:competitor:19607,"Zhang, Shuai",China,CHN
sr:competitor:74949,"Routliffe, Erin",New Zealand,NZL
sr:competitor:153652,"Guo, Hanyu",China,CHN
sr:competitor:19202,"Errani, Sara",Italy,ITA
sr:competitor:46084,"Melichar-Martinez, Nicole",USA,USA
sr:competitor:33593,"Mladenovic, Kristina",France,FRA
sr:competitor:69208,"Paolini, Jasmine",Italy,ITA
sr:competitor:18936,"Hsieh, Su-Wei",Chinese Taipei,TPE
sr:competitor:99131,"Bucsa, Cristina",Spain,ESP
sr:competitor:64496,"Ostapenko, Jelena",Latvia,LVA
sr:competitor:18298,"Zvonareva, Vera",Neutral,
sr:competitor:119670,"Perez, Ellen",Australia,AUS
sr:competitor:37508,"Siegemund, Laura",Germany,DEU
sr:competitor:45835,"Hunter, Storm",Australia,AUS
sr:competitor:43547,"Aoyama, Shuko",Japan,JPN
sr:competitor:50537,"Schuurs, Demi",Netherlands,NLD
sr:competitor:208125,"Liang, En-Shuo",Chinese Taipei,TPE
sr:competitor:43102,"Babos, Timea",Hungary,HUN
sr:competitor:150122,"Jiang, Xinyu",China,CHN
sr:competitor:51481,"Sutjiadi, Aldila",Indonesia,IDN
sr:competitor:129714,"Nicholls, Olivia",Great Britain,GBR
sr:competitor:142996,"Mihalikova, Tereza",Slovakia,SVK
sr:competitor:19974,"Xu, Yifan",China,CHN
sr:competitor:871583,"Andreeva, Mirra",Neutral,
sr:competitor:588071,"Shnaider, Diana",Neutral,
sr:competitor:66968,"Kudermetova, Veronika",Neutral,
sr:competitor:157672,"Stollar, Fanny",Hungary,HUN
sr:competitor:24431,"Panova, Alexandra",Neutral,
sr:competitor:73542,"Gleason, Quinn",USA,USA
sr:competitor:166124,"Olmos, Giuliana",Mexico,MEX
sr:competitor:242602,"McNally, Caty",USA,USA
sr:competitor:460837,"Tjen, Janice",Indonesia,IDN
sr:competitor:47801,"Eikeri, Ulrikke",Norway,NOR
sr:competitor:48625,"Chan, Hao-Ching",Chinese Taipei,TPE
sr:competitor:19932,"Muhammad, Asia",USA,USA
sr:competitor:64021,"Krawczyk, Desirae",USA,USA
sr:competitor:47810,"Khromacheva, Irina",Neutral,
sr:competitor:66432,"Kato, Miyu (1994)",Japan,JPN
sr:competitor:41520,"Kichenok, Lyudmyla",Ukraine,UKR
sr:competitor:128584,"Samsonova, Liudmila",Neutral,
sr:competitor:776340,"Joint, Maya",Australia,AUS
sr:competitor:69602,"Lumsden, Maia",Great Britain,GBR
sr:competitor:19731,"Piter, Katarzyna",Poland,POL
sr:competitor:67759,"Alexandrova, Ekaterina",Neutral,
sr:competitor:108621,"Kempen, Magali",Belgium,BEL
sr:competitor:182054,"Skoch, Miriam",Czechia,CZE
sr:competitor:46428,"Maleckova, Jesika",Czechia,CZE
sr:competitor:401055,"Noskova, Linda",Czechia,CZE
sr:competitor:91960,"Kenin, Sofia",USA,USA
sr:competitor:194106,"Tang, Qianhui",China,CHN
sr:competitor:235252,"Kozyreva, Maria",Neutral,
sr:competitor:173748,"Detiuc, Anastasia",Czechia,CZE
sr:competitor:87090,"Chong, Eudice","Hong Kong, China",HKG
sr:competitor:45915,"Yang, Zhaoxuan",China,CHN
sr:competitor:215476,"Siskova, Anna",Czechia,CZE
sr:competitor:182178,"Wu, Fang-Hsien",Chinese Taipei,TPE
sr:competitor:373352,"Gauff, Coco",USA,USA
sr:competitor:287769,"Kessler, McCartney",USA,USA
sr:competitor:60668,"Ninomiya, Makoto",Japan,JPN
sr:competitor:70784,"Hozumi, Eri",Japan,JPN
sr:competitor:289507,"Fernandez, Leylah",Canada,CAN
sr:competitor:18965,"Klepac, Andreja",Slovenia,SVN
sr:competitor:105463,"Bouzkova, Marie",Czechia,CZE
sr:competitor:418583,"Haverlag, Isabelle",Netherlands,NLD
sr:competitor:799304,"Pridankina, Elena",Neutral,
sr:competitor:138452,"Shibahara, Ena",Japan,JPN
sr:competitor:385206,"Radisic, Nika",Slovenia,SVN
sr:competitor:92879,"Shymanovich, Iryna",Neutral,
sr:competitor:303814,"Tikhonova, Anastasia",Neutral,
sr:competitor:60398,"Krejcikova, Barbora",Czechia,CZE
sr:competitor:252223,"Rakhimova, Kamilla",Uzbekistan,UZB
sr:competitor:53789,"Dart, Harriet",Great Britain,GBR
sr:competitor:44834,"Pegula, Jessica",USA,USA
sr:competitor:135854,"Neel, Ingrid",Estonia,EST
sr:competitor:92877,"Fossa Huergo, Nicole",Argentina,ARG
sr:competitor:64085,"Pigossi, Laura",Brazil,BRA
sr:competitor:914135,"Jovic, Iva",USA,USA
sr:competitor:103901,"Ruse, Elena-Gabriela",Romania,ROU
sr:competitor:272217,"Wang, Xinyu",China,CHN
sr:competitor:44977,"Santamaria, Sabrina",USA,USA
sr:competitor:52533,"Jakupovic, Dalila",Slovenia,SVN
sr:competitor:360038,"Stearns, Peyton",USA,USA
sr:competitor:49682,"Kichenok, Nadiia",Ukraine,UKR
sr:competitor:329535,"Tauson, Clara",Denmark,DNK
sr:competitor:123824,"Dolehide, Caroline",USA,USA
sr:competitor:534045,"Gibson, Talia",Australia,AUS
sr:competitor:93657,"Karamoko, Naima",Switzerland,CHE
sr:competitor:156040,"Cho, I-Hsuan",Chinese Taipei,TPE
sr:competitor:210670,"Cho, Yi Tsen",Chinese Taipei,TPE
sr:competitor:48451,"Cavalle-Reimers, Yvonne",Spain,ESP
sr:competitor:72758,"Cristian, Jaqueline",Romania,ROU
sr:competitor:71754,"Martins, Ingrid",Brazil,BRA
sr:competitor:51943,"Strakhova, Valeriya",Ukraine,UKR
sr:competitor:448121,"Rogers, Anna",USA,USA
sr:competitor:48486,"Gorgodze, Ekaterine",Georgia,GEO
sr:competitor:67430,"Cascino, Estelle",France,FRA
sr:competitor:143146,"Smith, Alana",USA,USA
sr:competitor:189384,"Kulambayeva, Zhibek",Kazakhstan,KAZ
sr:competitor:18251,"Williams, Venus",USA,USA
sr:competitor:183957,"Kobori, Momoko",Japan,JPN
sr:competitor:245673,"Feng, Shuo",China,CHN
sr:competitor:129534,"Hruncakova, Viktoria",Slovakia,SVK
sr:competitor:50915,"Plipuech, Peangtarn",Thailand,THA
sr:competitor:628178,"Brooks, Madeleine",Great Britain,GBR
sr:competitor:215806,"Hewitt, Dalayna",USA,USA
sr:competitor:226306,"Corley, Ivana",USA,USA
sr:competitor:813176,"Mboko, Victoria",Canada,CAN
sr:competitor:250285,"Falkowska, Weronika",Poland,POL
sr:competitor:662257,"Havlickova, Lucie",Czechia,CZE
sr:competitor:369524,"Erjavec, Veronika",Slovenia,SVN
sr:competitor:722877,"Ciric-Bagaric, Lucija",Croatia,HRV
sr:competitor:345134,"Lee, Ya-Hsin",Chinese Taipei,TPE
sr:competitor:49118,"Harrison, Catherine",USA,USA
sr:competitor:119216,"Herrero Linana, Alicia",Spain,ESP
sr:competitor:105099,"Birrell, Kimberly",Australia,AUS
sr:competitor:662615,"Salkova, Dominika",Czechia,CZE
sr:competitor:60392,"Sorribes Tormo, Sara",Spain,ESP
sr:competitor:70728,"Bhosale, Rutuja",India,IND
sr:competitor:71034,"Sramkova, Rebecca",Slovakia,SVK
sr:competitor:19728,"Cirstea, Sorana",Romania,ROU
sr:competitor:233266,"Ovcharenko, Ekaterina",Neutral,
sr:competitor:378340,"Corley, Carmen",USA,USA
sr:competitor:325837,"Sakellaridi, Sapfo",Greece,GRC
sr:competitor:627278,"Eala, Alexandra",Philippines,PHL
sr:competitor:453301,"Jorge, Matilde",Portugal,PRT
sr:competitor:245295,"Waltert, Simona",Switzerland,CHE
sr:competitor:870981,"Li, Yu-Yun",Chinese Taipei,TPE
sr:competitor:195408,"Shimizu, Ayano",Japan,JPN
sr:competitor:98523,"Ye, Qiu Yu",China,CHN
sr:competitor:473609,"Kubka, Martyna",Poland,POL
sr:competitor:805538,"Cross, Kayla",Canada,CAN
sr:competitor:506786,"Zamarripa, Allura",USA,USA
sr:competitor:161270,"Salden, Lara",Belgium,BEL
sr:competitor:42289,"Linette, Magda",Poland,POL
sr:competitor:102637,"McAdoo, Rasheeda",USA,USA
sr:competitor:52695,"Moratelli, Angelica",Italy,ITA
sr:competitor:80427,"Osborne, Alexandra",Australia,AUS
sr:competitor:517274,"Rajecki, Amelia",Great Britain,GBR
sr:competitor:1022815,"Akli, Ayana",USA,USA
sr:competitor:211262,"Danilovic, Olga",Serbia,SRB
sr:competitor:882091,"Valdmannova, Vendula",Czechia,CZE
sr:competitor:278943,"Lansere, Sofya",Neutral,
sr:competitor:88494,"Christie, Freya",Great Britain,GBR
sr:competitor:168526,"Appleton, Emily",Great Britain,GBR
sr:competitor:98733,"Burillo Escorihuela, Irene",Spain,ESP
sr:competitor:20158,"Webley-Smith, Emily",Great Britain,GBR
sr:competitor:223862,"Laboutkova, Aneta",Czechia,CZE
sr:competitor:59762,"Barnett, Alicia",Great Britain,GBR
sr:competitor:290994,"Wong, Hong Yi Cody","Hong Kong, China",HKG
sr:competitor:203893,"Kucmova, Aneta",Czechia,CZE
sr:competitor:64315,"Kuwata, Hiroko",Japan,JPN
sr:competitor:111189,"Zarazua, Renata",Mexico,MEX
sr:competitor:152106,"Zaar, Lisa",Sweden,SWE
sr:competitor:46625,"Raina, Ankita",India,IND
sr:competitor:880229,"Cayetano, Eryn",USA,USA
sr:competitor:53288,"Silva, Eden",Great Britain,GBR
sr:competitor:192108,"Yastremska, Dayana",Ukraine,UKR
sr:competitor:319455,"Baptiste, Hailey",USA,USA
sr:competitor:87834,"Hon, Priscilla",Australia,AUS
sr:competitor:278887,"Kostyuk, Marta",Ukraine,UKR
sr:competitor:85077,"Muchova, Karolina",Czechia,CZE
sr:competitor:69988,"Korpatsch, Tamara",Germany,DEU
sr:competitor:568715,"Semenistaja, Darja",Latvia,LVA
sr:competitor:222546,"Kuzmova, Katarina",Slovakia,SVK
sr:competitor:230108,"McGiffin, Tenika",Australia,AUS
sr:competitor:52025,"Wang, Yafan",China,CHN
sr:competitor:52183,"Bara, Irina Maria",Romania,ROU
sr:competitor:246945,"Da Silva Fick, Gabriella",Australia,AUS
sr:competitor:448123,"Broadus, Savannah",USA,USA
sr:competitor:226092,"Shimizu, Eri",Japan,JPN
sr:competitor:142758,"Zhang, Ying",China,CHN
sr:competitor:71250,"Frech, Magdalena",Poland,POL
sr:competitor:227486,"Zantedeschi, Aurora",Italy,ITA
sr:competitor:148276,"Zheng, Wushuang",China,CHN
sr:competitor:41877,"Yuan, Yue",China,CHN
sr:competitor:150574,"Bondar, Anna",Hungary,HUN
sr:competitor:435794,"Zolotareva, Anastasia",Neutral,
sr:competitor:731441,"Vargova, Nina",Slovakia,SVK
sr:competitor:406199,"Jacquemot, Elsa",France,FRA
sr:competitor:141892,"Carle, Maria",Argentina,ARG
sr:competitor:936009,"van Emst, Sarah",Netherlands,NLD
sr:competitor:45827,"Lechemia, Elixane",France,FRA
sr:competitor:807358,"Rakotomanga Rajaonah, Tiantsoa Sarah",France,FRA
sr:competitor:208105,"Arango, Emiliana",Colombia,COL
sr:competitor:750327,"Iatcenko, Polina",Neutral,
sr:competitor:225130,"Starodubtseva, Yuliia",Ukraine,UKR
sr:competitor:731427,"Micic, Elena",Australia,AUS
sr:competitor:378144,"Karatancheva, Lia",Bulgaria,BGR
sr:competitor:70822,"Morisaki, Kanako",Japan,JPN
sr:competitor:1020123,"Kovackova, Alena",Czechia,CZE
sr:competitor:233478,"Bayerlova, Michaela",Czechia,CZE
sr:competitor:256447,"Monnet, Carole",France,FRA
sr:competitor:264863,"Novak, Kristina",Slovenia,SVN
sr:competitor:345070,"Arseneault, Ariana",Canada,CAN
sr:competitor:112957,"Jeanjean, Leolia",France,FRA
sr:competitor:282597,"Park, Sohyun",Republic of Korea,KOR
sr:competitor:213144,"Lemaitre, Tiphanie",France,FRA
sr:competitor:459317,"Nugroho, Priska Madelyn",Indonesia,IDN
sr:competitor:353358,"Tran, Lian",Netherlands,NLD
sr:competitor:382796,"Collins, Kylie",USA,USA
sr:competitor:254553,"Nagy, Adrienn",Hungary,HUN
sr:competitor:256547,"Parks, Alycia",USA,USA
sr:competitor:63220,"Ponchet, Jessika",France,FRA
sr:competitor:421379,"Rencheli, Abigail",USA,USA
sr:competitor:728507,"Dudeney, Alicia",Great Britain,GBR
sr:competitor:842594,"Li, Zongyu",China,CHN
sr:competitor:242630,"Osorio, Camila",Colombia,COL
sr:competitor:387110,"Lacasse, Raphaelle",Canada,CAN
sr:competitor:445421,"Selekhmeteva, Oksana",Neutral,
sr:competitor:210558,"Jorge, Francisca",Portugal,PRT
sr:competitor:225468,"Vagramov, Alexandra",Canada,CAN
sr:competitor:59702,"Haddad Maia, Beatriz",Brazil,BRA
sr:competitor:105063,"Gavrila, Oana",Romania,ROU
sr:competitor:261583,"Li, Ann",USA,USA
sr:competitor:66516,"Ayukawa, Mana",Japan,JPN
sr:competitor:473937,"Reasco Gonzalez, Mell Elizabeth",Ecuador,ECU
sr:competitor:217912,"Andreescu, Bianca",Canada,CAN
sr:competitor:19655,"Niculescu, Monica",Romania,ROU
sr:competitor:789688,"Ngounoue, Clervie",USA,USA
sr:competitor:1222991,"Kovackova, Jana",Czechia,CZE
sr:competitor:90664,"Kalinina, Anhelina",Ukraine,UKR
sr:competitor:132412,"Fita Boluda, Angela",Spain,ESP
sr:competitor:728549,"Valentova, Tereza",Czechia,CZE
sr:competitor:19847,"Rus, Arantxa",Netherlands,NLD
sr:competitor:1020859,"Pawlikowska,  Zuzanna",Poland,POL
sr:competitor:47697,"Zheng, Saisai",China,CHN
sr:competitor:870983,"Saito, Sara",Japan,JPN
sr:competitor:476218,"Kawaguchi, Natsumi",Japan,JPN
sr:competitor:134532,"You, Xiaodi",China,CHN
sr:competitor:137932,"Mikulskyte, Justina",Lithuania,LTU
sr:competitor:380368,"Sebestova, Ivana",Czechia,CZE
sr:competitor:1115539,"Panshina, Varvara",Neutral,
sr:competitor:604242,"Dang, Yiming",China,CHN
sr:competitor:431743,"Okutoyi, Angella",Kenya,KEN
sr:competitor:341196,"Back, Dayeon",Republic of Korea,KOR
sr:competitor:1017327,"Samson, Laura",Czechia,CZE
sr:competitor:286435,"Gadecki, Olivia",Australia,AUS
sr:competitor:340365,"Milovanovic, Elena",Serbia,SRB
sr:competitor:152804,"Vondrousova, Marketa",Czechia,CZE
sr:competitor:745799,"Urgesi, Federica",Italy,ITA
sr:competitor:906635,"Shubladze, Alexandra",Neutral,
sr:competitor:1027515,"Du Pree, Britt",Netherlands,NLD
sr:competitor:420819,"Shaikh, Hibah",USA,USA
sr:competitor:98105,"Matoula, Martha",Greece,GRC
sr:competitor:115507,"Bolsova, Aliona",Spain,ESP
sr:competitor:624838,"Shi, Han",China,CHN
sr:competitor:812476,"Zaytseva, Ksenia",Neutral,
sr:competitor:504238,"Sierra, Solana",Argentina,ARG
sr:competitor:750329,"Candiotto, Ana",Brazil,BRA
sr:competitor:676251,"Wuerth, Tara",Croatia,HRV
sr:competitor:414533,"Abbagnato, Anastasia",Italy,ITA
sr:competitor:122668,"Daniel, Jaeda",USA,USA
sr:competitor:217036,"Malygina, Elena",Estonia,EST
sr:competitor:501894,"Vidmanova, Darja",Czechia,CZE
sr:competitor:904005,"Ibragimova, Alevtina",Neutral,
sr:competitor:494296,"Steur, Joelle Lilly Sophie",Germany,DEU
sr:competitor:356694,"Lee, Carol Young Suh",USA,USA
sr:competitor:257691,"Hennemann, Caijsa Wilda",Sweden,SWE
sr:competitor:567285,"Hietaranta, Laura",Finland,FIN
sr:competitor:192130,"Blinkova, Anna",Neutral,
sr:competitor:61526,"Thombare, Prarthana",India,IND
sr:competitor:299310,"Sonmez, Zeynep",Turkiye,TUR
sr:competitor:337813,"Riera, Julia",Argentina,ARG
sr:competitor:515530,"Gomez Pezuela Cano, Marian",Mexico,MEX
sr:competitor:979575,"Stojsavljevic, Mika",Great Britain,GBR
sr:competitor:244216,"Giavara, Haley",USA,USA
sr:competitor:673491,"Szabo, Briana",Romania,ROU
sr:competitor:315663,"Barry, Monique",New Zealand,NZL
sr:competitor:221510,"Chiesa, Enola",Italy,ITA
sr:competitor:202803,"Bakhmutkina, Polina",Neutral,
sr:competitor:927441,"Paganetti, Vittoria",Italy,ITA
sr:competitor:292540,"Matsuda, Misaki",Japan,JPN
sr:competitor:448081,"Noha Akugue, Noma",Germany,DEU
sr:competitor:496316,"Gimbrere, Jasmijn",Netherlands,NLD
sr:competitor:679319,"Stoiana, Mary",USA,USA
sr:competitor:262701,"Hodzic, Mina",Germany,DEU
sr:competitor:380396,"Kalieva, Elvina",USA,USA
sr:competitor:870979,"Kinoshita, Hayu",Japan,JPN
sr:competitor:827398,"Stankovic, Anja",Serbia,SRB
sr:competitor:868599,"McDonald, Ella",Great Britain,GBR
sr:competitor:720627,"Senic, Natalija",Serbia,SRB
sr:competitor:50655,"Friedsam, Anna-Lena",Germany,DEU
sr:competitor:409673,"Zelnickova, Radka",Slovakia,SVK
sr:competitor:378226,"Crawley, Fiona",USA,USA
sr:competitor:1020177,"Huang, Yujia",China,CHN
sr:competitor:799662,"Lincer, Olivia",USA,USA
sr:competitor:467037,"Kudermetova, Polina",Uzbekistan,UZB
sr:competitor:890199,"Dencheva, Rositsa",Bulgaria,BGR
sr:competitor:1008651,"Adams, Julia",USA,USA
sr:competitor:171354,"Romero, Camila",Ecuador,ECU
sr:competitor:45139,"Papamichail, Despina",Greece,GRC
sr:competitor:104929,"Tona, Miriana",Italy,ITA
sr:competitor:209418,"Hoedt, Merel",France,FRA
sr:competitor:300496,"Sawangkaew, Mananchaya",Thailand,THA
sr:competitor:78785,"Rodriguez, Victoria",Mexico,MEX
sr:competitor:62924,"Boulter, Katie",Great Britain,GBR
sr:competitor:845268,"Korneeva, Alina",Neutral,
sr:competitor:505580,"Sahdiieva, Anita",Ukraine,UKR
sr:competitor:416473,"Reyngold, Ekaterina",Neutral,
sr:competitor:777872,"Bartashevich, Yara",France,FRA
sr:competitor:447703,"Sato, Hikaru",Japan,JPN
sr:competitor:106341,"Knutson, Gabriela",Czechia,CZE
sr:competitor:41359,"Yashina, Ekaterina",Neutral,
sr:competitor:118052,"Oz, Ipek",Turkiye,TUR
sr:competitor:510530,"Abe, Hiromi",Japan,JPN
sr:competitor:19520,"Maria, Tatjana",Germany,DEU
sr:competitor:1052227,"Maduzzi, Gaia",Italy,ITA
sr:competitor:833336,"Bertea, Elena Ruxandra",Romania,ROU
sr:competitor:858867,"Pace, Francesca",Italy,ITA
sr:competitor:505974,"Nguyen Tan, Lucie",France,FRA
sr:competitor:518748,"Rey Garcia, Alba",Spain,ESP
sr:competitor:577523,"Brantmeier, Reese",USA,USA
sr:competitor:967949,"Adkar, Vaishnavi",India,IND
sr:competitor:568103,"Tran, Demi",Netherlands,NLD
sr:competitor:786310,"Moyano, Luciana",Argentina,ARG
sr:competitor:209716,"Mansouri, Yasmine",France,FRA
sr:competitor:373354,"Cocciaretto, Elisabetta",Italy,ITA
sr:competitor:496378,"Yamazaki, Ikumi",Japan,JPN
sr:competitor:567551,"Cabezas Dominguez, Sofia Elena",Venezuela,VEN
sr:competitor:675189,"Preston, Taylah",Australia,AUS
sr:competitor:65610,"Wagner, Anita",Bosnia & Herzegovina,BIH
sr:competitor:108857,"Lewis, Mary",USA,USA
sr:competitor:286459,"Allen, Victoria",Great Britain,GBR
sr:competitor:234398,"Nahimana, Sada",Burundi,BDI
sr:competitor:215598,"Vedder, Eva",Netherlands,NLD
sr:competitor:517006,"Martinez Vaquero, Maria",Spain,ESP
sr:competitor:289093,"Belgraver, Julie",France,FRA
sr:competitor:319461,"Hu, Victoria",USA,USA
sr:competitor:675193,"Costoulas, Sofia",Belgium,BEL
sr:competitor:47876,"Shinikova, Isabella",Bulgaria,BGR
sr:competitor:111767,"Nepliy, Elina",Neutral,
sr:competitor:918555,"Zeltina, Beatrise",Latvia,LVA
sr:competitor:242504,"Mattel, Marie",France,FRA
sr:competitor:797346,"Zelinskaya, Daria",Neutral,
sr:competitor:52273,"Brady, Jennifer",USA,USA
sr:competitor:201105,"Yuan, Chengyiyi",China,CHN
sr:competitor:45545,"Putintseva, Yulia",Kazakhstan,KAZ
sr:competitor:658439,"Khomutsianskaya, Daria",Neutral,
sr:competitor:310984,"Sato, Naho",Japan,JPN
sr:competitor:679485,"Tse, Elyse",New Zealand,NZL
sr:competitor:297588,"Romero Gormaz, Leyre",Spain,ESP
sr:competitor:933453,"Brockmann, Tessa Johanna",Germany,DEU
sr:competitor:812502,"Xu, Mingge",Great Britain,GBR
sr:competitor:195404,"Miyamoto, Ayumi",Japan,JPN
sr:competitor:352784,"Adeshina, Esther",Great Britain,GBR
sr:competitor:677411,"Barrera Aguirre, Isabella",USA,USA
sr:competitor:37638,"Sema, Erika",Japan,JPN
sr:competitor:111149,"Samir, Sandra",Egypt,EGY
sr:competitor:849553,"Yao, Xinxin",China,CHN
sr:competitor:51651,"Rosatello, Camilla",Italy,ITA
sr:competitor:857871,"de Stefano, Samira",Italy,ITA
sr:competitor:762764,"Daems, Josy",Germany,DEU
sr:competitor:143140,"Aney, Jessie",USA,USA
sr:competitor:61922,"Drazic, Mariana",Croatia,HRV
sr:competitor:801414,"Vandewinkel, Hanne",Belgium,BEL
sr:competitor:99429,"Hule, Petra",Australia,AUS
sr:competitor:227390,"Brancaccio, Nuria",Italy,ITA
sr:competitor:120664,"Pedretti, Thaisa Grana",Brazil,BRA
sr:competitor:324677,"Fullana, Luiza",Brazil,BRA
sr:competitor:164852,"Okalova, Martina",Slovakia,SVK
sr:competitor:133080,"Hinojosa Gomez, Jessica",Mexico,MEX
sr:competitor:138654,"Duerst, Jenny",Switzerland,CHE
sr:competitor:206957,"Nagata, Anri",Japan,JPN
sr:competitor:283489,"Imamura, Saki",Japan,JPN
sr:competitor:133076,"Navarro Oliva, Maria Fernanda",Mexico,MEX
sr:competitor:99405,"Inglis, Maddison",Australia,AUS
sr:competitor:337811,"Ortenzi, Jazmin",Argentina,ARG
sr:competitor:41404,"Watson, Heather",Great Britain,GBR
sr:competitor:348216,"Argyrokastriti, Marianne",Greece,GRC
sr:competitor:932867,"Firman, Anastasiia",Ukraine,UKR
sr:competitor:110299,"Zidansek, Tamara",Slovenia,SVN
sr:competitor:86894,"Shinde, Vasanti",India,IND
sr:competitor:154744,"Lee, Eunhye (2000)",Republic of Korea,KOR
sr:competitor:171026,"Tsygourova, Katerina",Switzerland,CHE
sr:competitor:790640,"Marcinko, Petra",Croatia,HRV
sr:competitor:403329,"Toth, Amarissa Kiara",Hungary,HUN
sr:competitor:586741,"Berecoechea, Nahia",France,FRA
sr:competitor:835864,"Podrez, Veronika",Ukraine,UKR
sr:competitor:179248,"Yoshioka, Kisa",Japan,JPN
sr:competitor:41480,"Garcia Perez, Georgina",Spain,ESP
sr:competitor:244184,"John-Baptiste, Lauryn",Great Britain,GBR
sr:competitor:59213,"Perez Garcia, Maria Paulina",Colombia,COL
sr:competitor:915371,"van Den Broek, Isis Louise",Netherlands,NLD
sr:competitor:513582,"Chaudhari, Vaidehi",India,IND
sr:competitor:262023,"Wang, Meiling",China,CHN
sr:competitor:233748,"El Jardi, Diae",Morocco,MAR
sr:competitor:78431,"Lodikova, Daria",Neutral,
sr:competitor:586739,"Ambrosio, Silvia",Italy,ITA
sr:competitor:60028,"Zeballos Melgar, Noelia",Bolivia,BOL
sr:competitor:965307,"Golovina, Maria",Neutral,
sr:competitor:947289,"Goto, Reina",Japan,JPN
sr:competitor:70970,"Bhatia, Riya",India,IND
sr:competitor:49963,"Omae, Akiko",Japan,JPN
sr:competitor:157368,"Kazionova, Ekaterina",Neutral,
sr:competitor:1098357,"Egorova, Daria",Neutral,
sr:competitor:505998,"Zamarripa, Maribella",USA,USA
sr:competitor:227342,"Thompson, Belle",Australia,AUS
sr:competitor:341112,"Zakharova, Anastasia",Neutral,
sr:competitor:185412,"Labrana, Fernanda",Chile,CHL
sr:competitor:129430,"Cervino Ruiz, Celia",Spain,ESP
sr:competitor:254551,"Udvardy, Panna",Hungary,HUN
sr:competitor:341238,"Boehner, Laura",Germany,DEU
sr:competitor:948061,"Gonzalez Daniele, Justina Maria",Argentina,ARG
sr:competitor:389048,"Weckerle, Marie",Luxembourg,LUX
sr:competitor:18919,"Lepchenko, Varvara",USA,USA
sr:competitor:315609,"Kraus, Sinja",Austria,AUT
sr:competitor:79443,"Cabrera, Lizette",Australia,AUS
sr:competitor:627510,"Im, Heerae",Republic of Korea,KOR
sr:competitor:55793,"Chiesa, Deborah",Italy,ITA
sr:competitor:673521,"Vogt, Marie",Germany,DEU
sr:competitor:620340,"Korokozidi, Elena",Greece,GRC
sr:competitor:739667,"Pedone, Giorgia",Italy,ITA
sr:competitor:406401,"Ivanov, Valentina",New Zealand,NZL
sr:competitor:515432,"Ruggeri, Jennifer",Italy,ITA
sr:competitor:770242,"Basiletti, Noemi",Italy,ITA
sr:competitor:858079,"Bulatova, Arina",Neutral,
sr:competitor:955421,"Stusek, Julia",Germany,DEU
sr:competitor:121760,"Anshba, Amina",Neutral,
sr:competitor:217056,"Cortez Llorca, Lucia",Spain,ESP
sr:competitor:513666,"Stevens, Amy",Australia,AUS
sr:competitor:244985,"Lahey, Ashley",USA,USA
sr:competitor:938103,"Hamilton, Alanis",USA,USA
sr:competitor:46661,"Gamiz, Andrea",Venezuela,VEN
sr:competitor:771430,"Naef, Celine",Switzerland,CHE
sr:competitor:1045543,"Bennemann, Eva",Germany,DEU
sr:competitor:234150,"Potapova, Anastasia",Austria,AUT
sr:competitor:783792,"Kabbaj, Yasmine",Morocco,MAR
sr:competitor:875507,"Voloshchuk, Angelina",Portugal,PRT
sr:competitor:59662,"Sanchez, Ana Sofia",Mexico,MEX
sr:competitor:960043,"Zolotareva, Rada",Neutral,
sr:competitor:836764,"Lim, Jenny",France,FRA
sr:competitor:743423,"Cirotte, Astrid",France,FRA
sr:competitor:169960,"Leon, Sabastiani",Mexico,MEX
sr:competitor:71284,"Bains, Naiktha",Great Britain,GBR
sr:competitor:273849,"Voracek, Eva Marie",Germany,DEU
sr:competitor:120722,"Alhussein Abdel Aziz, Lamis",Egypt,EGY
sr:competitor:395740,"Bhamidipaty, Shrivalli Rashmikaa",India,IND
sr:competitor:373362,"Gerald Gonzalez, Jimar Geraldine",Chile,CHL
sr:competitor:341216,"Charaeva, Alina",Neutral,
sr:competitor:813490,"Hobgarski, Katharina",Germany,DEU
sr:competitor:196552,"Villet, Marie",France,FRA
sr:competitor:628190,"Sobolieva, Anastasiia",Ukraine,UKR
sr:competitor:165866,"Miyazaki, Yuriko Lily",Great Britain,GBR
sr:competitor:1116289,"Leme Da Silva, Nauhany Vitoria",Brazil,BRA
sr:competitor:1020179,"Zhu, Chenting",China,CHN
sr:competitor:898261,"Yesypchuk, Daria",Ukraine,UKR
sr:competitor:535801,"Schunk, Nastasja",Germany,DEU
sr:competitor:282057,"Guo, Meiqi",China,CHN
sr:competitor:842634,"Feistel, Gina",Poland,POL
sr:competitor:280989,"Kawamura, Mana",Japan,JPN
sr:competitor:869687,"Matsuda, Rinko",Japan,JPN
sr:competitor:128638,"Sebov, Katherine",Canada,CAN
sr:competitor:132370,"Kasatkina, Daria",Australia,AUS
sr:competitor:179146,"Kalinskaya, Anna",Neutral,
sr:competitor:1164921,"Lombardini, Marta",Italy,ITA
sr:competitor:83607,"Capurro Taborda, Martina",Argentina,ARG
sr:competitor:911661,"de Zeeuw, Joy",Netherlands,NLD
sr:competitor:329009,"Ryser, Valentina",Switzerland,CHE
sr:competitor:113079,"Grabher, Julia",Austria,AUT
sr:competitor:915635,"Zhiyenbayeva, Sonja",Kazakhstan,KAZ
sr:competitor:405105,"Evans, Kailey",USA,USA
sr:competitor:904237,"Kim, Eunchae",Republic of Korea,KOR
sr:competitor:1073106,"Alicea, Samantha",USA,USA
sr:competitor:360054,"Allen, Kolie",USA,USA
sr:competitor:840734,"Walker, Brandy",USA,USA
sr:competitor:1279439,"Breaz, Alesia",Romania,ROU
sr:competitor:382264,"Tanguilig, Carson",USA,USA
sr:competitor:315623,"Wang, Jiaqi",China,CHN
sr:competitor:152708,"Brune Olsen, Astrid Wanja",Norway,NOR
sr:competitor:786086,"Arystanbekova, Asylzhan",Kazakhstan,KAZ
sr:competitor:1038811,"Dyussebay, Ingkar",Kazakhstan,KAZ
sr:competitor:48455,"Golubic, Viktorija",Switzerland,CHE
sr:competitor:82609,"Grammatikopoulou, Valentini",Greece,GRC
sr:competitor:822586,"Munk Mortensen, Rebecca",Denmark,DNK
sr:competitor:518838,"Yang, Ya Yi",Chinese Taipei,TPE
sr:competitor:208229,"Ngounoue, Malkia",USA,USA
sr:competitor:784280,"Prozorova, Tatiana",Neutral,
sr:competitor:23082,"Rodionova, Arina",Australia,AUS
sr:competitor:788274,"Rokusek, Sarah",Australia,AUS
sr:competitor:915657,"Hejtmanek, Amelie Justine",Czechia,CZE
sr:competitor:447759,"Katsumi, Nanari",Japan,JPN
sr:competitor:310982,"Naklo, Thasaporn",Thailand,THA
sr:competitor:63682,"Lazaro Garcia, Andrea",Spain,ESP
sr:competitor:46650,"Kolb, Nadiia",Ukraine,UKR
sr:competitor:107327,"In-Albon, Ylena",Switzerland,CHE
sr:competitor:450331,"Granwehr, Alina",Switzerland,CHE
sr:competitor:972259,"Todoni, Cristiana Nicoleta",Romania,ROU
sr:competitor:72634,"Ozeki, Michika",Japan,JPN
sr:competitor:1073852,"Goncharova, Anastasia",USA,USA
sr:competitor:1073856,"Tattini, Madison",USA,USA
sr:competitor:226170,"Urrutia, Maria Florencia",Argentina,ARG
sr:competitor:153744,"Pereira, Rebeca",Brazil,BRA
sr:competitor:448089,"Dittmann, Gina Marie",Germany,DEU
